Protein1	Protein1_Accession	Domain1_Name	Domain1_Accession	Protein2	Protein2_Accession	Domain2_Name	Domain2_Accession	Count
act1	P60010	Actin family	IPR004000	act1	P60010	Actin family	IPR004000	49
act1	P60010	Actin family	IPR004000	arp2	P32381	Actin family	IPR004000	42
act1	P60010	Actin family	IPR004000	arp3	P47117	Actin family	IPR004000	54
act1	P60010	Actin family	IPR004000	arp3	P47117	other	None	4
act1	P60010	Actin family	IPR004000	axl2	P38928	other	None	84
act1	P60010	Actin family	IPR004000	axl2	P38928	Dystroglycan-type cadherin-like	IPR006644	35
act1	P60010	Actin family	IPR004000	bem1	P29366	SH3 domain	IPR001452	37
act1	P60010	Actin family	IPR004000	bem1	P29366	Phox homology	IPR001683	1
act1	P60010	Actin family	IPR004000	bem1	P29366	other	None	40
act1	P60010	Actin family	IPR004000	bem3	P32873	other	None	52
act1	P60010	Actin family	IPR004000	bem3	P32873	Phox homology	IPR001683	2
act1	P60010	Actin family	IPR004000	bem3	P32873	Pleckstrin homology domain	IPR001849	7
act1	P60010	Actin family	IPR004000	bem3	P32873	Rho GTPase-activating protein domain	IPR000198	22
act1	P60010	Actin family	IPR004000	bni1	P41832	Formin, FH2 domain	IPR015425	41
act1	P60010	Actin family	IPR004000	bni1	P41832	Formin, GTPase-binding domain	IPR010473	31
act1	P60010	Actin family	IPR004000	bni1	P41832	Formin, FH3 domain	IPR010472	1
act1	P60010	Actin family	IPR004000	cdc24	P11433	PB1 domain	IPR000270	29
act1	P60010	Actin family	IPR004000	cdc24	P11433	other	None	38
act1	P60010	Actin family	IPR004000	cdc24	P11433	Dbl homology (DH) domain	IPR000219	8
act1	P60010	Actin family	IPR004000	cdc24	P11433	Calponin homology domain	IPR001715	10
act1	P60010	Actin family	IPR004000	cla4	P48562	Pleckstrin homology domain	IPR001849	19
act1	P60010	Actin family	IPR004000	cla4	P48562	other	None	49
act1	P60010	Actin family	IPR004000	cla4	P48562	CRIB domain	IPR000095	38
act1	P60010	Actin family	IPR004000	cla4	P48562	Protein kinase domain	IPR000719	2
act1	P60010	Actin family	IPR004000	nrp1	P32770	other	None	37
act1	P60010	Actin family	IPR004000	nrp1	P32770	RNA recognition motif domain	IPR000504	25
act1	P60010	Actin family	IPR004000	rax1	Q08760	RGS domain	IPR016137	20
act1	P60010	Actin family	IPR004000	rax1	Q08760	other	None	21
act1	P60010	Actin family	IPR004000	rga2	Q06407	Rho GTPase-activating protein domain	IPR000198	49
act1	P60010	Actin family	IPR004000	rga2	Q06407	Zinc finger, LIM-type	IPR001781	30
act1	P60010	Actin family	IPR004000	rga2	Q06407	other	None	31
act1	P60010	other	None	rga2	Q06407	Rho GTPase-activating protein domain	IPR000198	1
act1	P60010	Actin family	IPR004000	spa2	P23201	other	None	75
act1	P60010	Actin family	IPR004000	spa2	P23201	GIT, Spa2 homology (SHD) domain	IPR013724	1
act1	P60010	Actin family	IPR004000	spa2	P23201	ARF GTPase-activating protein GIT1, C-terminal	IPR022018	20
act1	P60010	other	None	spa2	P23201	other	None	3
act1	P60010	Actin family	IPR004000	ste5	P32917	other	None	57
act1	P60010	Actin family	IPR004000	ste5	P32917	Protein Ste5, Fus3-binding domain	IPR021106	17
arp2	P32381	Actin family	IPR004000	arp2	P32381	Actin family	IPR004000	56
arp2	P32381	Actin family	IPR004000	arp3	P47117	Actin family	IPR004000	55
arp2	P32381	Actin family	IPR004000	arp3	P47117	other	None	4
arp2	P32381	Actin family	IPR004000	axl2	P38928	other	None	144
arp2	P32381	Actin family	IPR004000	axl2	P38928	Dystroglycan-type cadherin-like	IPR006644	13
arp2	P32381	Actin family	IPR004000	bem1	P29366	other	None	18
arp2	P32381	Actin family	IPR004000	bem1	P29366	Phox homology	IPR001683	35
arp2	P32381	Actin family	IPR004000	bem1	P29366	SH3 domain	IPR001452	26
arp2	P32381	Actin family	IPR004000	bem3	P32873	other	None	15
arp2	P32381	Actin family	IPR004000	bem3	P32873	Rho GTPase-activating protein domain	IPR000198	51
arp2	P32381	Actin family	IPR004000	bem3	P32873	Pleckstrin homology domain	IPR001849	22
arp2	P32381	Actin family	IPR004000	bni1	P41832	other	None	18
arp2	P32381	Actin family	IPR004000	bni1	P41832	Formin, FH3 domain	IPR010472	22
arp2	P32381	Actin family	IPR004000	bni1	P41832	Formin, FH2 domain	IPR015425	4
arp2	P32381	Actin family	IPR004000	cdc24	P11433	Dbl homology (DH) domain	IPR000219	21
arp2	P32381	Actin family	IPR004000	cdc24	P11433	Pleckstrin homology domain	IPR001849	11
arp2	P32381	Actin family	IPR004000	cdc24	P11433	other	None	33
arp2	P32381	Actin family	IPR004000	cdc24	P11433	PB1 domain	IPR000270	17
arp2	P32381	Actin family	IPR004000	cla4	P48562	Protein kinase domain	IPR000719	55
arp2	P32381	Actin family	IPR004000	cla4	P48562	other	None	46
arp2	P32381	Actin family	IPR004000	cla4	P48562	CRIB domain	IPR000095	4
arp2	P32381	Actin family	IPR004000	cla4	P48562	Pleckstrin homology domain	IPR001849	14
arp2	P32381	Actin family	IPR004000	nrp1	P32770	RNA recognition motif domain	IPR000504	26
arp2	P32381	Actin family	IPR004000	nrp1	P32770	Zinc finger, RanBP2-type	IPR001876	41
arp2	P32381	Actin family	IPR004000	nrp1	P32770	other	None	10
arp2	P32381	Actin family	IPR004000	rax1	Q08760	other	None	24
arp2	P32381	Actin family	IPR004000	rax1	Q08760	RGS domain	IPR016137	14
arp2	P32381	Actin family	IPR004000	rga2	Q06407	other	None	2
arp2	P32381	Actin family	IPR004000	rga2	Q06407	Rho GTPase-activating protein domain	IPR000198	40
arp2	P32381	Actin family	IPR004000	rga2	Q06407	Zinc finger, LIM-type	IPR001781	7
arp2	P32381	Actin family	IPR004000	spa2	P23201	other	None	46
arp2	P32381	Actin family	IPR004000	spa2	P23201	ARF GTPase-activating protein GIT1, C-terminal	IPR022018	26
arp2	P32381	Actin family	IPR004000	ste5	P32917	other	None	52
arp3	P47117	Actin family	IPR004000	arp3	P47117	Actin family	IPR004000	23
arp3	P47117	Actin family	IPR004000	axl2	P38928	other	None	77
arp3	P47117	Actin family	IPR004000	axl2	P38928	Dystroglycan-type cadherin-like	IPR006644	24
arp3	P47117	other	None	axl2	P38928	other	None	3
arp3	P47117	Actin family	IPR004000	bem1	P29366	SH3 domain	IPR001452	26
arp3	P47117	Actin family	IPR004000	bem1	P29366	other	None	42
arp3	P47117	other	None	bem1	P29366	other	None	5
arp3	P47117	Actin family	IPR004000	bem1	P29366	PB1 domain	IPR000270	40
arp3	P47117	Actin family	IPR004000	bem1	P29366	Phox homology	IPR001683	2
arp3	P47117	Actin family	IPR004000	bem3	P32873	Pleckstrin homology domain	IPR001849	16
arp3	P47117	Actin family	IPR004000	bem3	P32873	Rho GTPase-activating protein domain	IPR000198	38
arp3	P47117	other	None	bem3	P32873	Rho GTPase-activating protein domain	IPR000198	2
arp3	P47117	Actin family	IPR004000	bem3	P32873	other	None	30
arp3	P47117	Actin family	IPR004000	bem3	P32873	Phox homology	IPR001683	1
arp3	P47117	Actin family	IPR004000	bni1	P41832	other	None	45
arp3	P47117	Actin family	IPR004000	bni1	P41832	Formin, FH2 domain	IPR015425	15
arp3	P47117	other	None	bni1	P41832	other	None	1
arp3	P47117	Actin family	IPR004000	bni1	P41832	Formin, GTPase-binding domain	IPR010473	12
arp3	P47117	Actin family	IPR004000	bni1	P41832	Formin, FH3 domain	IPR010472	6
arp3	P47117	Actin family	IPR004000	bud1	P13856	Small GTP-binding domain	IPR005225	35
arp3	P47117	Actin family	IPR004000	cdc24	P11433	PB1 domain	IPR000270	20
arp3	P47117	Actin family	IPR004000	cdc24	P11433	other	None	60
arp3	P47117	Actin family	IPR004000	cdc24	P11433	Calponin homology domain	IPR001715	25
arp3	P47117	Actin family	IPR004000	cdc24	P11433	Dbl homology (DH) domain	IPR000219	3
arp3	P47117	Actin family	IPR004000	cla4	P48562	other	None	77
arp3	P47117	Actin family	IPR004000	cla4	P48562	CRIB domain	IPR000095	9
arp3	P47117	Actin family	IPR004000	cla4	P48562	Protein kinase domain	IPR000719	35
arp3	P47117	Actin family	IPR004000	cla4	P48562	Pleckstrin homology domain	IPR001849	7
arp3	P47117	other	None	cla4	P48562	other	None	5
arp3	P47117	other	None	cla4	P48562	Protein kinase domain	IPR000719	4
arp3	P47117	Actin family	IPR004000	nrp1	P32770	other	None	14
arp3	P47117	Actin family	IPR004000	nrp1	P32770	Zinc finger, RanBP2-type	IPR001876	31
arp3	P47117	Actin family	IPR004000	nrp1	P32770	RNA recognition motif domain	IPR000504	17
arp3	P47117	Actin family	IPR004000	rax1	Q08760	other	None	2
arp3	P47117	Actin family	IPR004000	rax1	Q08760	RGS domain	IPR016137	14
arp3	P47117	Actin family	IPR004000	rga2	Q06407	other	None	70
arp3	P47117	other	None	rga2	Q06407	other	None	3
arp3	P47117	Actin family	IPR004000	rga2	Q06407	Rho GTPase-activating protein domain	IPR000198	38
arp3	P47117	Actin family	IPR004000	spa2	P23201	other	None	106
arp3	P47117	Actin family	IPR004000	spa2	P23201	ARF GTPase-activating protein GIT1, C-terminal	IPR022018	20
arp3	P47117	other	None	spa2	P23201	other	None	2
arp3	P47117	Actin family	IPR004000	ste5	P32917	other	None	83
axl2	P38928	Dystroglycan-type cadherin-like	IPR006644	axl2	P38928	Dystroglycan-type cadherin-like	IPR006644	45
axl2	P38928	Dystroglycan-type cadherin-like	IPR006644	axl2	P38928	other	None	16
axl2	P38928	other	None	axl2	P38928	Dystroglycan-type cadherin-like	IPR006644	17
axl2	P38928	other	None	axl2	P38928	other	None	5
axl2	P38928	other	None	bem1	P29366	SH3 domain	IPR001452	41
axl2	P38928	Dystroglycan-type cadherin-like	IPR006644	bem1	P29366	other	None	19
axl2	P38928	other	None	bem1	P29366	other	None	26
axl2	P38928	other	None	bem1	P29366	PB1 domain	IPR000270	3
axl2	P38928	Dystroglycan-type cadherin-like	IPR006644	bem1	P29366	PB1 domain	IPR000270	2
axl2	P38928	other	None	bem1	P29366	Phox homology	IPR001683	46
axl2	P38928	Dystroglycan-type cadherin-like	IPR006644	bem1	P29366	SH3 domain	IPR001452	23
axl2	P38928	Dystroglycan-type cadherin-like	IPR006644	bud1	P13856	Small GTP-binding domain	IPR005225	47
axl2	P38928	other	None	bud1	P13856	Small GTP-binding domain	IPR005225	20
axl2	P38928	other	None	bud1	P13856	other	None	6
axl2	P38928	other	None	cdc24	P11433	other	None	36
axl2	P38928	other	None	cdc24	P11433	Calponin homology domain	IPR001715	19
axl2	P38928	other	None	cdc24	P11433	Dbl homology (DH) domain	IPR000219	15
axl2	P38928	Dystroglycan-type cadherin-like	IPR006644	cdc24	P11433	other	None	16
axl2	P38928	Dystroglycan-type cadherin-like	IPR006644	rax1	Q08760	RGS domain	IPR016137	31
axl2	P38928	other	None	rax1	Q08760	RGS domain	IPR016137	68
axl2	P38928	other	None	rax1	Q08760	other	None	24
axl2	P38928	Dystroglycan-type cadherin-like	IPR006644	rax1	Q08760	other	None	6
axl2	P38928	other	None	rga2	Q06407	other	None	22
axl2	P38928	other	None	rga2	Q06407	Rho GTPase-activating protein domain	IPR000198	26
axl2	P38928	other	None	rga2	Q06407	Zinc finger, LIM-type	IPR001781	53
axl2	P38928	Dystroglycan-type cadherin-like	IPR006644	rga2	Q06407	Rho GTPase-activating protein domain	IPR000198	10
axl2	P38928	Dystroglycan-type cadherin-like	IPR006644	rga2	Q06407	other	None	11
bem1	P29366	SH3 domain	IPR001452	bem1	P29366	SH3 domain	IPR001452	39
bem1	P29366	other	None	bem1	P29366	SH3 domain	IPR001452	34
bem1	P29366	SH3 domain	IPR001452	bem1	P29366	other	None	23
bem1	P29366	other	None	bem1	P29366	other	None	47
bem1	P29366	other	None	bem1	P29366	Phox homology	IPR001683	13
bem1	P29366	Phox homology	IPR001683	bem1	P29366	SH3 domain	IPR001452	11
bem1	P29366	Phox homology	IPR001683	bem1	P29366	other	None	13
bem1	P29366	SH3 domain	IPR001452	bem1	P29366	Phox homology	IPR001683	13
bem1	P29366	SH3 domain	IPR001452	bud1	P13856	Small GTP-binding domain	IPR005225	25
bem1	P29366	other	None	bud1	P13856	Small GTP-binding domain	IPR005225	18
bem1	P29366	Phox homology	IPR001683	bud1	P13856	other	None	16
bem1	P29366	Phox homology	IPR001683	bud1	P13856	Small GTP-binding domain	IPR005225	13
bem1	P29366	other	None	rga2	Q06407	other	None	39
bem1	P29366	Phox homology	IPR001683	rga2	Q06407	other	None	5
bem1	P29366	SH3 domain	IPR001452	rga2	Q06407	other	None	19
bem1	P29366	SH3 domain	IPR001452	rga2	Q06407	Rho GTPase-activating protein domain	IPR000198	8
bem1	P29366	other	None	rga2	Q06407	Rho GTPase-activating protein domain	IPR000198	14
bem1	P29366	PB1 domain	IPR000270	rga2	Q06407	Rho GTPase-activating protein domain	IPR000198	16
bem1	P29366	PB1 domain	IPR000270	rga2	Q06407	other	None	7
bem1	P29366	SH3 domain	IPR001452	ste5	P32917	other	None	24
bem1	P29366	other	None	ste5	P32917	other	None	4
bem1	P29366	Phox homology	IPR001683	ste5	P32917	other	None	28
bem1	P29366	other	None	ste5	P32917	Protein Ste5, Fus3-binding domain	IPR021106	2
bem1	P29366	PB1 domain	IPR000270	ste5	P32917	other	None	1
bem1	P29366	PB1 domain	IPR000270	ste5	P32917	Protein Ste5, Fus3-binding domain	IPR021106	9
bem1	P29366	Phox homology	IPR001683	ste5	P32917	Protein Ste5, Fus3-binding domain	IPR021106	2
bem3	P32873	Rho GTPase-activating protein domain	IPR000198	axl2	P38928	other	None	19
bem3	P32873	other	None	axl2	P38928	Dystroglycan-type cadherin-like	IPR006644	54
bem3	P32873	Rho GTPase-activating protein domain	IPR000198	axl2	P38928	Dystroglycan-type cadherin-like	IPR006644	9
bem3	P32873	other	None	axl2	P38928	other	None	11
bem3	P32873	Phox homology	IPR001683	axl2	P38928	Dystroglycan-type cadherin-like	IPR006644	3
bem3	P32873	other	None	bem1	P29366	other	None	29
bem3	P32873	other	None	bem1	P29366	SH3 domain	IPR001452	48
bem3	P32873	Phox homology	IPR001683	bem1	P29366	SH3 domain	IPR001452	6
bem3	P32873	Rho GTPase-activating protein domain	IPR000198	bem1	P29366	other	None	25
bem3	P32873	Phox homology	IPR001683	bem1	P29366	other	None	2
bem3	P32873	Rho GTPase-activating protein domain	IPR000198	bem1	P29366	SH3 domain	IPR001452	3
bem3	P32873	Pleckstrin homology domain	IPR001849	bem1	P29366	other	None	20
bem3	P32873	Phox homology	IPR001683	bem1	P29366	Phox homology	IPR001683	1
bem3	P32873	other	None	bem1	P29366	Phox homology	IPR001683	2
bem3	P32873	other	None	bem3	P32873	other	None	66
bem3	P32873	Rho GTPase-activating protein domain	IPR000198	bem3	P32873	other	None	27
bem3	P32873	other	None	bem3	P32873	Rho GTPase-activating protein domain	IPR000198	27
bem3	P32873	Phox homology	IPR001683	bem3	P32873	other	None	14
bem3	P32873	other	None	bem3	P32873	Phox homology	IPR001683	14
bem3	P32873	Rho GTPase-activating protein domain	IPR000198	bud1	P13856	Small GTP-binding domain	IPR005225	28
bem3	P32873	Pleckstrin homology domain	IPR001849	bud1	P13856	Small GTP-binding domain	IPR005225	14
bem3	P32873	Phox homology	IPR001683	bud1	P13856	Small GTP-binding domain	IPR005225	8
bem3	P32873	other	None	bud1	P13856	other	None	2
bem3	P32873	other	None	bud1	P13856	Small GTP-binding domain	IPR005225	2
bem3	P32873	Pleckstrin homology domain	IPR001849	bud1	P13856	other	None	2
bem3	P32873	other	None	cdc24	P11433	Pleckstrin homology domain	IPR001849	15
bem3	P32873	Pleckstrin homology domain	IPR001849	cdc24	P11433	Dbl homology (DH) domain	IPR000219	4
bem3	P32873	Rho GTPase-activating protein domain	IPR000198	cdc24	P11433	Dbl homology (DH) domain	IPR000219	20
bem3	P32873	Rho GTPase-activating protein domain	IPR000198	cdc24	P11433	other	None	6
bem3	P32873	other	None	cdc24	P11433	other	None	27
bem3	P32873	other	None	cdc24	P11433	PB1 domain	IPR000270	12
bem3	P32873	Pleckstrin homology domain	IPR001849	cdc24	P11433	PB1 domain	IPR000270	16
bem3	P32873	Pleckstrin homology domain	IPR001849	cdc24	P11433	other	None	11
bem3	P32873	Phox homology	IPR001683	cdc24	P11433	Dbl homology (DH) domain	IPR000219	3
bem3	P32873	Phox homology	IPR001683	cdc24	P11433	Calponin homology domain	IPR001715	18
bem3	P32873	Phox homology	IPR001683	cdc24	P11433	other	None	6
bem3	P32873	Rho GTPase-activating protein domain	IPR000198	cdc24	P11433	Pleckstrin homology domain	IPR001849	7
bem3	P32873	other	None	cdc24	P11433	Calponin homology domain	IPR001715	2
bem3	P32873	other	None	cdc24	P11433	Dbl homology (DH) domain	IPR000219	2
bem3	P32873	Pleckstrin homology domain	IPR001849	cdc28	P00546	Protein kinase domain	IPR000719	13
bem3	P32873	Phox homology	IPR001683	cdc28	P00546	Protein kinase domain	IPR000719	33
bem3	P32873	other	None	cdc28	P00546	Protein kinase domain	IPR000719	36
bem3	P32873	other	None	cla4	P48562	CRIB domain	IPR000095	5
bem3	P32873	other	None	cla4	P48562	other	None	15
bem3	P32873	other	None	cla4	P48562	Protein kinase domain	IPR000719	49
bem3	P32873	Pleckstrin homology domain	IPR001849	cla4	P48562	other	None	5
bem3	P32873	other	None	cla4	P48562	Pleckstrin homology domain	IPR001849	2
bem3	P32873	Rho GTPase-activating protein domain	IPR000198	cla4	P48562	other	None	4
bem3	P32873	Phox homology	IPR001683	cla4	P48562	other	None	1
bem3	P32873	Rho GTPase-activating protein domain	IPR000198	nrp1	P32770	RNA recognition motif domain	IPR000504	21
bem3	P32873	Rho GTPase-activating protein domain	IPR000198	nrp1	P32770	other	None	5
bem3	P32873	Rho GTPase-activating protein domain	IPR000198	nrp1	P32770	Zinc finger, RanBP2-type	IPR001876	8
bem3	P32873	Phox homology	IPR001683	nrp1	P32770	Zinc finger, RanBP2-type	IPR001876	9
bem3	P32873	Pleckstrin homology domain	IPR001849	rax1	Q08760	other	None	2
bem3	P32873	other	None	rax1	Q08760	RGS domain	IPR016137	42
bem3	P32873	other	None	rax1	Q08760	other	None	5
bem3	P32873	other	None	rga2	Q06407	other	None	79
bem3	P32873	other	None	rga2	Q06407	Zinc finger, LIM-type	IPR001781	142
bem3	P32873	Rho GTPase-activating protein domain	IPR000198	rga2	Q06407	Rho GTPase-activating protein domain	IPR000198	15
bem3	P32873	Rho GTPase-activating protein domain	IPR000198	rga2	Q06407	other	None	7
bem3	P32873	Phox homology	IPR001683	rga2	Q06407	other	None	10
bem3	P32873	Rho GTPase-activating protein domain	IPR000198	rga2	Q06407	Zinc finger, LIM-type	IPR001781	13
bem3	P32873	Phox homology	IPR001683	rga2	Q06407	Zinc finger, LIM-type	IPR001781	2
bem3	P32873	other	None	ste5	P32917	Scaffold protein Ste5, Fus3-binding domain	IPR021651	5
bem3	P32873	Phox homology	IPR001683	ste5	P32917	other	None	1
bem3	P32873	other	None	ste5	P32917	other	None	50
bem3	P32873	Rho GTPase-activating protein domain	IPR000198	ste5	P32917	other	None	70
bem3	P32873	Pleckstrin homology domain	IPR001849	ste5	P32917	other	None	12
bem3	P32873	other	None	ste5	P32917	Protein Ste5, Fus3-binding domain	IPR021106	19
bem3	P32873	Pleckstrin homology domain	IPR001849	ste5	P32917	Protein Ste5, Fus3-binding domain	IPR021106	4
bni1	P41832	Formin, FH2 domain	IPR015425	axl2	P38928	other	None	65
bni1	P41832	Formin, FH2 domain	IPR015425	axl2	P38928	Dystroglycan-type cadherin-like	IPR006644	2
bni1	P41832	other	None	axl2	P38928	other	None	29
bni1	P41832	Formin, GTPase-binding domain	IPR010473	axl2	P38928	Dystroglycan-type cadherin-like	IPR006644	11
bni1	P41832	Formin, GTPase-binding domain	IPR010473	axl2	P38928	other	None	1
bni1	P41832	other	None	axl2	P38928	Dystroglycan-type cadherin-like	IPR006644	2
bni1	P41832	Formin, FH3 domain	IPR010472	axl2	P38928	other	None	1
bni1	P41832	Formin, FH3 domain	IPR010472	bem1	P29366	SH3 domain	IPR001452	13
bni1	P41832	other	None	bem1	P29366	SH3 domain	IPR001452	16
bni1	P41832	other	None	bem1	P29366	other	None	8
bni1	P41832	Formin, FH2 domain	IPR015425	bem1	P29366	other	None	4
bni1	P41832	Formin, FH3 domain	IPR010472	bem1	P29366	other	None	13
bni1	P41832	Formin, FH3 domain	IPR010472	bem1	P29366	Phox homology	IPR001683	10
bni1	P41832	Formin, GTPase-binding domain	IPR010473	bem1	P29366	PB1 domain	IPR000270	1
bni1	P41832	Formin, FH3 domain	IPR010472	bem3	P32873	other	None	20
bni1	P41832	other	None	bem3	P32873	other	None	217
bni1	P41832	Formin, FH3 domain	IPR010472	bem3	P32873	Rho GTPase-activating protein domain	IPR000198	4
bni1	P41832	Formin, FH2 domain	IPR015425	bem3	P32873	Rho GTPase-activating protein domain	IPR000198	8
bni1	P41832	other	None	bem3	P32873	Rho GTPase-activating protein domain	IPR000198	17
bni1	P41832	Formin, FH2 domain	IPR015425	bem3	P32873	other	None	13
bni1	P41832	Formin, GTPase-binding domain	IPR010473	bem3	P32873	Rho GTPase-activating protein domain	IPR000198	6
bni1	P41832	Formin, FH2 domain	IPR015425	bem3	P32873	Phox homology	IPR001683	11
bni1	P41832	Formin, FH2 domain	IPR015425	bem3	P32873	Pleckstrin homology domain	IPR001849	4
bni1	P41832	other	None	bem3	P32873	Phox homology	IPR001683	1
bni1	P41832	Formin, GTPase-binding domain	IPR010473	bni1	P41832	Formin, FH2 domain	IPR015425	33
bni1	P41832	Diaphanous autoregulatory (DAD) domain	IPR014767	bni1	P41832	Formin, FH2 domain	IPR015425	16
bni1	P41832	other	None	bni1	P41832	Formin, FH2 domain	IPR015425	22
bni1	P41832	Formin, FH2 domain	IPR015425	bni1	P41832	Formin, FH2 domain	IPR015425	190
bni1	P41832	Formin, GTPase-binding domain	IPR010473	bni1	P41832	other	None	28
bni1	P41832	other	None	bni1	P41832	other	None	222
bni1	P41832	other	None	bni1	P41832	Formin, GTPase-binding domain	IPR010473	27
bni1	P41832	Formin, FH3 domain	IPR010472	bni1	P41832	Formin, FH2 domain	IPR015425	17
bni1	P41832	Formin, FH2 domain	IPR015425	bni1	P41832	Formin, GTPase-binding domain	IPR010473	33
bni1	P41832	Formin, FH2 domain	IPR015425	bni1	P41832	other	None	21
bni1	P41832	Formin, FH2 domain	IPR015425	bni1	P41832	Diaphanous autoregulatory (DAD) domain	IPR014767	14
bni1	P41832	Formin, FH2 domain	IPR015425	bni1	P41832	Formin, FH3 domain	IPR010472	17
bni1	P41832	Formin, GTPase-binding domain	IPR010473	bud1	P13856	Small GTP-binding domain	IPR005225	24
bni1	P41832	Formin, FH3 domain	IPR010472	bud1	P13856	Small GTP-binding domain	IPR005225	6
bni1	P41832	other	None	bud1	P13856	Small GTP-binding domain	IPR005225	3
bni1	P41832	other	None	bud1	P13856	other	None	14
bni1	P41832	Formin, FH2 domain	IPR015425	bud1	P13856	Small GTP-binding domain	IPR005225	3
bni1	P41832	other	None	cdc24	P11433	other	None	35
bni1	P41832	Formin, GTPase-binding domain	IPR010473	cdc24	P11433	other	None	27
bni1	P41832	Formin, FH2 domain	IPR015425	cdc24	P11433	other	None	16
bni1	P41832	Formin, FH2 domain	IPR015425	cdc24	P11433	Dbl homology (DH) domain	IPR000219	22
bni1	P41832	other	None	cdc24	P11433	Calponin homology domain	IPR001715	15
bni1	P41832	Formin, FH3 domain	IPR010472	cdc24	P11433	Calponin homology domain	IPR001715	24
bni1	P41832	Formin, GTPase-binding domain	IPR010473	cdc24	P11433	PB1 domain	IPR000270	16
bni1	P41832	Diaphanous autoregulatory (DAD) domain	IPR014767	cdc24	P11433	PB1 domain	IPR000270	2
bni1	P41832	Diaphanous autoregulatory (DAD) domain	IPR014767	cdc24	P11433	Pleckstrin homology domain	IPR001849	28
bni1	P41832	Diaphanous autoregulatory (DAD) domain	IPR014767	cdc24	P11433	other	None	3
bni1	P41832	Formin, FH2 domain	IPR015425	cdc24	P11433	Pleckstrin homology domain	IPR001849	18
bni1	P41832	other	None	cdc24	P11433	Dbl homology (DH) domain	IPR000219	27
bni1	P41832	other	None	cdc24	P11433	Pleckstrin homology domain	IPR001849	6
bni1	P41832	other	None	cdc24	P11433	PB1 domain	IPR000270	1
bni1	P41832	Formin, FH2 domain	IPR015425	cdc28	P00546	Protein kinase domain	IPR000719	14
bni1	P41832	Formin, FH3 domain	IPR010472	cdc28	P00546	Protein kinase domain	IPR000719	10
bni1	P41832	Formin, GTPase-binding domain	IPR010473	cdc28	P00546	Protein kinase domain	IPR000719	4
bni1	P41832	Formin, FH2 domain	IPR015425	cla4	P48562	other	None	7
bni1	P41832	Formin, FH3 domain	IPR010472	cla4	P48562	Protein kinase domain	IPR000719	27
bni1	P41832	Formin, FH2 domain	IPR015425	cla4	P48562	Pleckstrin homology domain	IPR001849	2
bni1	P41832	Formin, FH2 domain	IPR015425	cla4	P48562	CRIB domain	IPR000095	9
bni1	P41832	Formin, FH2 domain	IPR015425	cla4	P48562	Protein kinase domain	IPR000719	5
bni1	P41832	other	None	cla4	P48562	other	None	22
bni1	P41832	other	None	cla4	P48562	Protein kinase domain	IPR000719	50
bni1	P41832	Formin, FH3 domain	IPR010472	cla4	P48562	other	None	23
bni1	P41832	Formin, FH3 domain	IPR010472	cla4	P48562	CRIB domain	IPR000095	2
bni1	P41832	other	None	cla4	P48562	CRIB domain	IPR000095	6
bni1	P41832	Formin, FH3 domain	IPR010472	nrp1	P32770	RNA recognition motif domain	IPR000504	6
bni1	P41832	Formin, FH3 domain	IPR010472	nrp1	P32770	other	None	1
bni1	P41832	other	None	nrp1	P32770	other	None	30
bni1	P41832	Formin, GTPase-binding domain	IPR010473	nrp1	P32770	other	None	16
bni1	P41832	other	None	nrp1	P32770	RNA recognition motif domain	IPR000504	8
bni1	P41832	Formin, FH2 domain	IPR015425	nrp1	P32770	other	None	8
bni1	P41832	other	None	nrp1	P32770	Zinc finger, RanBP2-type	IPR001876	3
bni1	P41832	Formin, FH2 domain	IPR015425	nrp1	P32770	Zinc finger, RanBP2-type	IPR001876	20
bni1	P41832	Formin, FH3 domain	IPR010472	nrp1	P32770	Zinc finger, RanBP2-type	IPR001876	1
bni1	P41832	Formin, GTPase-binding domain	IPR010473	rax1	Q08760	other	None	3
bni1	P41832	other	None	rax1	Q08760	other	None	11
bni1	P41832	other	None	rax1	Q08760	RGS domain	IPR016137	26
bni1	P41832	Formin, FH2 domain	IPR015425	rax1	Q08760	RGS domain	IPR016137	8
bni1	P41832	other	None	rga2	Q06407	other	None	65
bni1	P41832	Formin, FH2 domain	IPR015425	rga2	Q06407	other	None	20
bni1	P41832	Formin, GTPase-binding domain	IPR010473	rga2	Q06407	other	None	8
bni1	P41832	other	None	ste5	P32917	other	None	3
bni1	P41832	Formin, FH2 domain	IPR015425	ste5	P32917	other	None	19
bni1	P41832	Formin, FH3 domain	IPR010472	ste5	P32917	Scaffold protein Ste5, Fus3-binding domain	IPR021651	1
bni1	P41832	Diaphanous autoregulatory (DAD) domain	IPR014767	ste5	P32917	other	None	13
bni1	P41832	Diaphanous autoregulatory (DAD) domain	IPR014767	ste5	P32917	Scaffold protein Ste5, Fus3-binding domain	IPR021651	3
bni1	P41832	Formin, FH3 domain	IPR010472	ste5	P32917	other	None	1
bni1	P41832	Formin, GTPase-binding domain	IPR010473	ste5	P32917	other	None	11
bni1	P41832	Formin, FH2 domain	IPR015425	ste5	P32917	Protein Ste5, Fus3-binding domain	IPR021106	12
bud1	P13856	Small GTP-binding domain	IPR005225	bud1	P13856	Small GTP-binding domain	IPR005225	29
bud1	P13856	other	None	bud1	P13856	other	None	2
bud1	P13856	other	None	rax1	Q08760	other	None	2
bud1	P13856	Small GTP-binding domain	IPR005225	rax1	Q08760	RGS domain	IPR016137	27
bud1	P13856	Small GTP-binding domain	IPR005225	rax1	Q08760	other	None	22
bud3	P25558	other	None	act1	P60010	Actin family	IPR004000	161
bud3	P25558	other	None	arp2	P32381	Actin family	IPR004000	167
bud3	P25558	Dbl homology (DH) domain	IPR000219	arp2	P32381	Actin family	IPR004000	7
bud3	P25558	other	None	arp3	P47117	Actin family	IPR004000	234
bud3	P25558	other	None	arp3	P47117	other	None	2
bud3	P25558	other	None	axl2	P38928	other	None	84
bud3	P25558	other	None	axl2	P38928	Dystroglycan-type cadherin-like	IPR006644	5
bud3	P25558	Bud3, N-terminal	IPR021895	axl2	P38928	other	None	27
bud3	P25558	Dbl homology (DH) domain	IPR000219	axl2	P38928	other	None	9
bud3	P25558	other	None	bem1	P29366	other	None	141
bud3	P25558	other	None	bem1	P29366	SH3 domain	IPR001452	65
bud3	P25558	other	None	bem1	P29366	Phox homology	IPR001683	65
bud3	P25558	Dbl homology (DH) domain	IPR000219	bem1	P29366	other	None	18
bud3	P25558	other	None	bem3	P32873	other	None	73
bud3	P25558	other	None	bem3	P32873	Rho GTPase-activating protein domain	IPR000198	124
bud3	P25558	Dbl homology (DH) domain	IPR000219	bem3	P32873	Rho GTPase-activating protein domain	IPR000198	14
bud3	P25558	other	None	bem3	P32873	Pleckstrin homology domain	IPR001849	47
bud3	P25558	other	None	bem3	P32873	Phox homology	IPR001683	11
bud3	P25558	Dbl homology (DH) domain	IPR000219	bem3	P32873	other	None	20
bud3	P25558	other	None	bni1	P41832	Formin, FH3 domain	IPR010472	44
bud3	P25558	other	None	bni1	P41832	other	None	59
bud3	P25558	other	None	bni1	P41832	Formin, GTPase-binding domain	IPR010473	3
bud3	P25558	Bud3, N-terminal	IPR021895	bni1	P41832	Formin, FH2 domain	IPR015425	14
bud3	P25558	Bud3, N-terminal	IPR021895	bni1	P41832	other	None	18
bud3	P25558	Dbl homology (DH) domain	IPR000219	bni1	P41832	other	None	5
bud3	P25558	Dbl homology (DH) domain	IPR000219	bni1	P41832	Formin, FH3 domain	IPR010472	25
bud3	P25558	other	None	bud1	P13856	other	None	27
bud3	P25558	Dbl homology (DH) domain	IPR000219	bud1	P13856	other	None	2
bud3	P25558	other	None	bud1	P13856	Small GTP-binding domain	IPR005225	151
bud3	P25558	Dbl homology (DH) domain	IPR000219	bud1	P13856	Small GTP-binding domain	IPR005225	1
bud3	P25558	Bud3, N-terminal	IPR021895	bud3	P25558	other	None	8
bud3	P25558	other	None	bud3	P25558	other	None	112
bud3	P25558	other	None	bud3	P25558	Dbl homology (DH) domain	IPR000219	1
bud3	P25558	Dbl homology (DH) domain	IPR000219	bud3	P25558	other	None	2
bud3	P25558	other	None	bud3	P25558	Bud3, N-terminal	IPR021895	8
bud3	P25558	other	None	cdc24	P11433	PB1 domain	IPR000270	1
bud3	P25558	other	None	cdc24	P11433	other	None	28
bud3	P25558	other	None	cdc24	P11433	Calponin homology domain	IPR001715	41
bud3	P25558	other	None	cdc24	P11433	Dbl homology (DH) domain	IPR000219	2
bud3	P25558	Dbl homology (DH) domain	IPR000219	cdc24	P11433	Calponin homology domain	IPR001715	1
bud3	P25558	other	None	cdc28	P00546	Protein kinase domain	IPR000719	141
bud3	P25558	Dbl homology (DH) domain	IPR000219	cdc28	P00546	Protein kinase domain	IPR000719	26
bud3	P25558	other	None	cdc28	P00546	other	None	14
bud3	P25558	other	None	cdc42	P19073	Small GTP-binding domain	IPR005225	50
bud3	P25558	other	None	cdc42	P19073	other	None	7
bud3	P25558	Dbl homology (DH) domain	IPR000219	cdc42	P19073	Small GTP-binding domain	IPR005225	50
bud3	P25558	other	None	cla4	P48562	Protein kinase domain	IPR000719	50
bud3	P25558	other	None	cla4	P48562	other	None	29
bud3	P25558	Dbl homology (DH) domain	IPR000219	cla4	P48562	other	None	8
bud3	P25558	Dbl homology (DH) domain	IPR000219	cla4	P48562	Protein kinase domain	IPR000719	8
bud3	P25558	other	None	nrp1	P32770	other	None	130
bud3	P25558	other	None	nrp1	P32770	Zinc finger, RanBP2-type	IPR001876	15
bud3	P25558	Bud3, N-terminal	IPR021895	nrp1	P32770	other	None	13
bud3	P25558	Bud3, N-terminal	IPR021895	nrp1	P32770	Zinc finger, RanBP2-type	IPR001876	16
bud3	P25558	other	None	nrp1	P32770	RNA recognition motif domain	IPR000504	47
bud3	P25558	Dbl homology (DH) domain	IPR000219	rax1	Q08760	other	None	10
bud3	P25558	other	None	rax1	Q08760	other	None	17
bud3	P25558	other	None	rax1	Q08760	RGS domain	IPR016137	43
bud3	P25558	Dbl homology (DH) domain	IPR000219	rdi1	Q12434	Rho protein GDP-dissociation inhibitor	IPR000406	33
bud3	P25558	other	None	rdi1	Q12434	Rho protein GDP-dissociation inhibitor	IPR000406	23
bud3	P25558	other	None	rga2	Q06407	Zinc finger, LIM-type	IPR001781	59
bud3	P25558	other	None	rga2	Q06407	other	None	110
bud3	P25558	Bud3, N-terminal	IPR021895	rga2	Q06407	other	None	1
bud3	P25558	Bud3, N-terminal	IPR021895	rga2	Q06407	Rho GTPase-activating protein domain	IPR000198	27
bud3	P25558	other	None	rho1	P06780	Small GTP-binding domain	IPR005225	18
bud3	P25558	Dbl homology (DH) domain	IPR000219	rho1	P06780	Small GTP-binding domain	IPR005225	39
bud3	P25558	other	None	rho1	P06780	other	None	8
bud3	P25558	Bud3, N-terminal	IPR021895	spa2	P23201	other	None	30
bud3	P25558	other	None	spa2	P23201	other	None	468
bud3	P25558	other	None	spa2	P23201	ARF GTPase-activating protein GIT1, C-terminal	IPR022018	81
bud3	P25558	Dbl homology (DH) domain	IPR000219	spa2	P23201	other	None	82
bud3	P25558	other	None	spa2	P23201	GIT, Spa2 homology (SHD) domain	IPR013724	65
bud3	P25558	Dbl homology (DH) domain	IPR000219	spa2	P23201	GIT, Spa2 homology (SHD) domain	IPR013724	1
bud3	P25558	other	None	ste5	P32917	other	None	136
bud3	P25558	other	None	ste5	P32917	Protein Ste5, Fus3-binding domain	IPR021106	49
bud3	P25558	Dbl homology (DH) domain	IPR000219	ste5	P32917	other	None	20
bud3	P25558	Dbl homology (DH) domain	IPR000219	ste5	P32917	Protein Ste5, Fus3-binding domain	IPR021106	1
bud3	P25558	Bud3, N-terminal	IPR021895	ste5	P32917	other	None	3
cdc24	P11433	other	None	bem1	P29366	other	None	2
cdc24	P11433	Dbl homology (DH) domain	IPR000219	bem1	P29366	SH3 domain	IPR001452	20
cdc24	P11433	Pleckstrin homology domain	IPR001849	bem1	P29366	SH3 domain	IPR001452	1
cdc24	P11433	other	None	bem1	P29366	SH3 domain	IPR001452	3
cdc24	P11433	Calponin homology domain	IPR001715	bem1	P29366	other	None	5
cdc24	P11433	Dbl homology (DH) domain	IPR000219	bem1	P29366	other	None	7
cdc24	P11433	PB1 domain	IPR000270	bem1	P29366	PB1 domain	IPR000270	27
cdc24	P11433	PB1 domain	IPR000270	bem1	P29366	Phox homology	IPR001683	4
cdc24	P11433	other	None	bem1	P29366	Phox homology	IPR001683	3
cdc24	P11433	Calponin homology domain	IPR001715	bem1	P29366	Phox homology	IPR001683	8
cdc24	P11433	Dbl homology (DH) domain	IPR000219	bud1	P13856	Small GTP-binding domain	IPR005225	43
cdc24	P11433	Dbl homology (DH) domain	IPR000219	bud1	P13856	other	None	2
cdc24	P11433	PB1 domain	IPR000270	bud1	P13856	Small GTP-binding domain	IPR005225	11
cdc24	P11433	other	None	bud1	P13856	Small GTP-binding domain	IPR005225	23
cdc24	P11433	PB1 domain	IPR000270	bud1	P13856	other	None	1
cdc24	P11433	other	None	bud1	P13856	other	None	7
cdc24	P11433	Pleckstrin homology domain	IPR001849	bud1	P13856	Small GTP-binding domain	IPR005225	4
cdc24	P11433	Dbl homology (DH) domain	IPR000219	cdc24	P11433	PB1 domain	IPR000270	11
cdc24	P11433	Calponin homology domain	IPR001715	cdc24	P11433	PB1 domain	IPR000270	5
cdc24	P11433	other	None	cdc24	P11433	PB1 domain	IPR000270	15
cdc24	P11433	other	None	cdc24	P11433	other	None	29
cdc24	P11433	Calponin homology domain	IPR001715	cdc24	P11433	other	None	22
cdc24	P11433	PB1 domain	IPR000270	cdc24	P11433	other	None	15
cdc24	P11433	PB1 domain	IPR000270	cdc24	P11433	Dbl homology (DH) domain	IPR000219	12
cdc24	P11433	Calponin homology domain	IPR001715	cdc24	P11433	Pleckstrin homology domain	IPR001849	13
cdc24	P11433	Dbl homology (DH) domain	IPR000219	cdc24	P11433	Pleckstrin homology domain	IPR001849	3
cdc24	P11433	Dbl homology (DH) domain	IPR000219	cdc24	P11433	other	None	8
cdc24	P11433	other	None	cdc24	P11433	Calponin homology domain	IPR001715	22
cdc24	P11433	Pleckstrin homology domain	IPR001849	cdc24	P11433	Calponin homology domain	IPR001715	11
cdc24	P11433	Pleckstrin homology domain	IPR001849	cdc24	P11433	other	None	1
cdc24	P11433	Dbl homology (DH) domain	IPR000219	cdc24	P11433	Dbl homology (DH) domain	IPR000219	5
cdc24	P11433	other	None	cdc24	P11433	Dbl homology (DH) domain	IPR000219	7
cdc24	P11433	Pleckstrin homology domain	IPR001849	cdc24	P11433	Dbl homology (DH) domain	IPR000219	3
cdc24	P11433	PB1 domain	IPR000270	cdc24	P11433	Calponin homology domain	IPR001715	4
cdc24	P11433	other	None	cdc42	P19073	Small GTP-binding domain	IPR005225	24
cdc24	P11433	Dbl homology (DH) domain	IPR000219	cdc42	P19073	Small GTP-binding domain	IPR005225	53
cdc24	P11433	other	None	cdc42	P19073	other	None	6
cdc24	P11433	Pleckstrin homology domain	IPR001849	cdc42	P19073	Small GTP-binding domain	IPR005225	7
cdc24	P11433	PB1 domain	IPR000270	rga2	Q06407	other	None	22
cdc24	P11433	other	None	rga2	Q06407	other	None	36
cdc24	P11433	Dbl homology (DH) domain	IPR000219	rga2	Q06407	other	None	24
cdc24	P11433	Calponin homology domain	IPR001715	rga2	Q06407	other	None	11
cdc24	P11433	Dbl homology (DH) domain	IPR000219	rga2	Q06407	Rho GTPase-activating protein domain	IPR000198	11
cdc24	P11433	Pleckstrin homology domain	IPR001849	rga2	Q06407	other	None	40
cdc24	P11433	Pleckstrin homology domain	IPR001849	ste5	P32917	other	None	8
cdc24	P11433	Calponin homology domain	IPR001715	ste5	P32917	other	None	8
cdc24	P11433	other	None	ste5	P32917	other	None	10
cdc24	P11433	Dbl homology (DH) domain	IPR000219	ste5	P32917	other	None	9
cdc24	P11433	Calponin homology domain	IPR001715	ste5	P32917	Protein Ste5, Fus3-binding domain	IPR021106	25
cdc24	P11433	Dbl homology (DH) domain	IPR000219	ste5	P32917	Protein Ste5, Fus3-binding domain	IPR021106	1
cdc28	P00546	Protein kinase domain	IPR000719	axl2	P38928	other	None	46
cdc28	P00546	Protein kinase domain	IPR000719	axl2	P38928	Dystroglycan-type cadherin-like	IPR006644	36
cdc28	P00546	other	None	axl2	P38928	Dystroglycan-type cadherin-like	IPR006644	3
cdc28	P00546	Protein kinase domain	IPR000719	bem1	P29366	Phox homology	IPR001683	15
cdc28	P00546	Protein kinase domain	IPR000719	bem1	P29366	SH3 domain	IPR001452	9
cdc28	P00546	Protein kinase domain	IPR000719	bem1	P29366	other	None	2
cdc28	P00546	Protein kinase domain	IPR000719	bem1	P29366	PB1 domain	IPR000270	7
cdc28	P00546	Protein kinase domain	IPR000719	cdc24	P11433	Dbl homology (DH) domain	IPR000219	19
cdc28	P00546	Protein kinase domain	IPR000719	cdc24	P11433	Pleckstrin homology domain	IPR001849	12
cdc28	P00546	Protein kinase domain	IPR000719	cdc24	P11433	other	None	14
cdc28	P00546	other	None	cdc24	P11433	other	None	3
cdc28	P00546	Protein kinase domain	IPR000719	cdc24	P11433	PB1 domain	IPR000270	16
cdc28	P00546	Protein kinase domain	IPR000719	rax1	Q08760	other	None	20
cdc28	P00546	other	None	rax1	Q08760	other	None	1
cdc28	P00546	Protein kinase domain	IPR000719	rax1	Q08760	RGS domain	IPR016137	33
cdc28	P00546	Protein kinase domain	IPR000719	rga2	Q06407	Rho GTPase-activating protein domain	IPR000198	33
cdc28	P00546	Protein kinase domain	IPR000719	rga2	Q06407	Zinc finger, LIM-type	IPR001781	22
cdc28	P00546	Protein kinase domain	IPR000719	rga2	Q06407	other	None	27
cdc28	P00546	other	None	rga2	Q06407	other	None	1
cdc28	P00546	Protein kinase domain	IPR000719	ste5	P32917	other	None	25
cdc42	P19073	Small GTP-binding domain	IPR005225	arp3	P47117	Actin family	IPR004000	31
cdc42	P19073	Small GTP-binding domain	IPR005225	axl2	P38928	Dystroglycan-type cadherin-like	IPR006644	20
cdc42	P19073	Small GTP-binding domain	IPR005225	axl2	P38928	other	None	23
cdc42	P19073	other	None	axl2	P38928	other	None	6
cdc42	P19073	other	None	bem1	P29366	other	None	16
cdc42	P19073	Small GTP-binding domain	IPR005225	bem1	P29366	other	None	48
cdc42	P19073	Small GTP-binding domain	IPR005225	bem1	P29366	SH3 domain	IPR001452	25
cdc42	P19073	Small GTP-binding domain	IPR005225	bem3	P32873	other	None	7
cdc42	P19073	other	None	bem3	P32873	other	None	6
cdc42	P19073	Small GTP-binding domain	IPR005225	bem3	P32873	Pleckstrin homology domain	IPR001849	1
cdc42	P19073	Small GTP-binding domain	IPR005225	bem3	P32873	Rho GTPase-activating protein domain	IPR000198	35
cdc42	P19073	Small GTP-binding domain	IPR005225	bni1	P41832	Formin, FH2 domain	IPR015425	12
cdc42	P19073	Small GTP-binding domain	IPR005225	bni1	P41832	Formin, FH3 domain	IPR010472	7
cdc42	P19073	Small GTP-binding domain	IPR005225	bni1	P41832	Formin, GTPase-binding domain	IPR010473	49
cdc42	P19073	other	None	bni1	P41832	Formin, FH2 domain	IPR015425	5
cdc42	P19073	Small GTP-binding domain	IPR005225	bud1	P13856	Small GTP-binding domain	IPR005225	20
cdc42	P19073	Small GTP-binding domain	IPR005225	cdc28	P00546	Protein kinase domain	IPR000719	34
cdc42	P19073	Small GTP-binding domain	IPR005225	cdc28	P00546	other	None	2
cdc42	P19073	Small GTP-binding domain	IPR005225	cdc42	P19073	Small GTP-binding domain	IPR005225	31
cdc42	P19073	Small GTP-binding domain	IPR005225	cla4	P48562	Pleckstrin homology domain	IPR001849	1
cdc42	P19073	Small GTP-binding domain	IPR005225	cla4	P48562	CRIB domain	IPR000095	43
cdc42	P19073	other	None	cla4	P48562	Pleckstrin homology domain	IPR001849	2
cdc42	P19073	other	None	cla4	P48562	CRIB domain	IPR000095	5
cdc42	P19073	other	None	cla4	P48562	other	None	2
cdc42	P19073	Small GTP-binding domain	IPR005225	cla4	P48562	other	None	6
cdc42	P19073	other	None	cla4	P48562	Protein kinase domain	IPR000719	1
cdc42	P19073	Small GTP-binding domain	IPR005225	cla4	P48562	Protein kinase domain	IPR000719	3
cdc42	P19073	Small GTP-binding domain	IPR005225	nrp1	P32770	RNA recognition motif domain	IPR000504	26
cdc42	P19073	Small GTP-binding domain	IPR005225	nrp1	P32770	other	None	15
cdc42	P19073	other	None	nrp1	P32770	Zinc finger, RanBP2-type	IPR001876	11
cdc42	P19073	Small GTP-binding domain	IPR005225	nrp1	P32770	Zinc finger, RanBP2-type	IPR001876	21
cdc42	P19073	other	None	nrp1	P32770	other	None	6
cdc42	P19073	Small GTP-binding domain	IPR005225	rax1	Q08760	other	None	18
cdc42	P19073	Small GTP-binding domain	IPR005225	rax1	Q08760	RGS domain	IPR016137	17
cdc42	P19073	other	None	rax1	Q08760	RGS domain	IPR016137	3
cdc42	P19073	Small GTP-binding domain	IPR005225	rga2	Q06407	Rho GTPase-activating protein domain	IPR000198	45
cdc42	P19073	Small GTP-binding domain	IPR005225	rga2	Q06407	other	None	26
cdc42	P19073	other	None	rga2	Q06407	Zinc finger, LIM-type	IPR001781	54
cdc42	P19073	Small GTP-binding domain	IPR005225	rga2	Q06407	Zinc finger, LIM-type	IPR001781	19
cdc42	P19073	other	None	rga2	Q06407	other	None	4
cdc42	P19073	Small GTP-binding domain	IPR005225	spa2	P23201	other	None	27
cdc42	P19073	Small GTP-binding domain	IPR005225	spa2	P23201	GIT, Spa2 homology (SHD) domain	IPR013724	8
cdc42	P19073	other	None	spa2	P23201	other	None	2
cdc42	P19073	Small GTP-binding domain	IPR005225	spa2	P23201	ARF GTPase-activating protein GIT1, C-terminal	IPR022018	18
cdc42	P19073	Small GTP-binding domain	IPR005225	ste5	P32917	other	None	39
cdc42	P19073	Small GTP-binding domain	IPR005225	ste5	P32917	Protein Ste5, Fus3-binding domain	IPR021106	23
cdc42	P19073	other	None	ste5	P32917	Protein Ste5, Fus3-binding domain	IPR021106	2
cdc42	P19073	other	None	ste5	P32917	other	None	12
cla4	P48562	other	None	axl2	P38928	Dystroglycan-type cadherin-like	IPR006644	47
cla4	P48562	Protein kinase domain	IPR000719	axl2	P38928	Dystroglycan-type cadherin-like	IPR006644	9
cla4	P48562	Protein kinase domain	IPR000719	axl2	P38928	other	None	26
cla4	P48562	CRIB domain	IPR000095	axl2	P38928	other	None	1
cla4	P48562	Pleckstrin homology domain	IPR001849	axl2	P38928	other	None	1
cla4	P48562	Protein kinase domain	IPR000719	bem1	P29366	PB1 domain	IPR000270	27
cla4	P48562	Protein kinase domain	IPR000719	bem1	P29366	other	None	28
cla4	P48562	other	None	bem1	P29366	PB1 domain	IPR000270	1
cla4	P48562	other	None	bem1	P29366	Phox homology	IPR001683	9
cla4	P48562	Protein kinase domain	IPR000719	bem1	P29366	Phox homology	IPR001683	13
cla4	P48562	Protein kinase domain	IPR000719	bem1	P29366	SH3 domain	IPR001452	12
cla4	P48562	other	None	bem1	P29366	SH3 domain	IPR001452	47
cla4	P48562	Pleckstrin homology domain	IPR001849	bem1	P29366	other	None	8
cla4	P48562	Pleckstrin homology domain	IPR001849	bem1	P29366	SH3 domain	IPR001452	3
cla4	P48562	other	None	bem1	P29366	other	None	15
cla4	P48562	CRIB domain	IPR000095	bud1	P13856	Small GTP-binding domain	IPR005225	45
cla4	P48562	Protein kinase domain	IPR000719	bud1	P13856	other	None	12
cla4	P48562	other	None	bud1	P13856	other	None	10
cla4	P48562	Protein kinase domain	IPR000719	bud1	P13856	Small GTP-binding domain	IPR005225	5
cla4	P48562	other	None	bud1	P13856	Small GTP-binding domain	IPR005225	23
cla4	P48562	CRIB domain	IPR000095	bud1	P13856	other	None	1
cla4	P48562	Pleckstrin homology domain	IPR001849	bud1	P13856	Small GTP-binding domain	IPR005225	3
cla4	P48562	Protein kinase domain	IPR000719	cdc24	P11433	Calponin homology domain	IPR001715	9
cla4	P48562	other	None	cdc24	P11433	Calponin homology domain	IPR001715	3
cla4	P48562	CRIB domain	IPR000095	cdc24	P11433	Calponin homology domain	IPR001715	7
cla4	P48562	other	None	cdc24	P11433	other	None	1
cla4	P48562	CRIB domain	IPR000095	cdc24	P11433	Dbl homology (DH) domain	IPR000219	15
cla4	P48562	CRIB domain	IPR000095	cdc24	P11433	other	None	4
cla4	P48562	Pleckstrin homology domain	IPR001849	cdc24	P11433	PB1 domain	IPR000270	6
cla4	P48562	Protein kinase domain	IPR000719	cdc28	P00546	Protein kinase domain	IPR000719	41
cla4	P48562	CRIB domain	IPR000095	cdc28	P00546	Protein kinase domain	IPR000719	8
cla4	P48562	other	None	cdc28	P00546	other	None	1
cla4	P48562	CRIB domain	IPR000095	cdc28	P00546	other	None	1
cla4	P48562	other	None	cdc28	P00546	Protein kinase domain	IPR000719	29
cla4	P48562	Pleckstrin homology domain	IPR001849	cdc28	P00546	Protein kinase domain	IPR000719	10
cla4	P48562	Protein kinase domain	IPR000719	cla4	P48562	CRIB domain	IPR000095	27
cla4	P48562	Protein kinase domain	IPR000719	cla4	P48562	Pleckstrin homology domain	IPR001849	18
cla4	P48562	CRIB domain	IPR000095	cla4	P48562	Protein kinase domain	IPR000719	27
cla4	P48562	Pleckstrin homology domain	IPR001849	cla4	P48562	Protein kinase domain	IPR000719	19
cla4	P48562	other	None	rax1	Q08760	RGS domain	IPR016137	19
cla4	P48562	Protein kinase domain	IPR000719	rax1	Q08760	RGS domain	IPR016137	3
cla4	P48562	CRIB domain	IPR000095	rax1	Q08760	RGS domain	IPR016137	30
cla4	P48562	Pleckstrin homology domain	IPR001849	rax1	Q08760	RGS domain	IPR016137	10
cla4	P48562	other	None	rax1	Q08760	other	None	5
cla4	P48562	CRIB domain	IPR000095	rax1	Q08760	other	None	32
cla4	P48562	Pleckstrin homology domain	IPR001849	rax1	Q08760	other	None	7
cla4	P48562	CRIB domain	IPR000095	rga2	Q06407	Rho GTPase-activating protein domain	IPR000198	19
cla4	P48562	other	None	rga2	Q06407	Rho GTPase-activating protein domain	IPR000198	5
cla4	P48562	other	None	rga2	Q06407	Zinc finger, LIM-type	IPR001781	32
cla4	P48562	other	None	rga2	Q06407	other	None	18
cla4	P48562	Protein kinase domain	IPR000719	rga2	Q06407	Rho GTPase-activating protein domain	IPR000198	15
cla4	P48562	Protein kinase domain	IPR000719	rga2	Q06407	other	None	47
cla4	P48562	Protein kinase domain	IPR000719	rga2	Q06407	Zinc finger, LIM-type	IPR001781	13
cla4	P48562	other	None	ste5	P32917	other	None	22
cla4	P48562	other	None	ste5	P32917	Protein Ste5, Fus3-binding domain	IPR021106	4
cla4	P48562	Protein kinase domain	IPR000719	ste5	P32917	Protein Ste5, Fus3-binding domain	IPR021106	5
cla4	P48562	Protein kinase domain	IPR000719	ste5	P32917	other	None	42
nrp1	P32770	RNA recognition motif domain	IPR000504	axl2	P38928	other	None	1
nrp1	P32770	Zinc finger, RanBP2-type	IPR001876	axl2	P38928	Dystroglycan-type cadherin-like	IPR006644	27
nrp1	P32770	RNA recognition motif domain	IPR000504	axl2	P38928	Dystroglycan-type cadherin-like	IPR006644	22
nrp1	P32770	other	None	axl2	P38928	Dystroglycan-type cadherin-like	IPR006644	2
nrp1	P32770	other	None	axl2	P38928	other	None	1
nrp1	P32770	other	None	bem1	P29366	other	None	49
nrp1	P32770	other	None	bem1	P29366	SH3 domain	IPR001452	12
nrp1	P32770	RNA recognition motif domain	IPR000504	bem1	P29366	SH3 domain	IPR001452	13
nrp1	P32770	RNA recognition motif domain	IPR000504	bem1	P29366	other	None	18
nrp1	P32770	Zinc finger, RanBP2-type	IPR001876	bem1	P29366	other	None	4
nrp1	P32770	Zinc finger, RanBP2-type	IPR001876	bem1	P29366	SH3 domain	IPR001452	19
nrp1	P32770	RNA recognition motif domain	IPR000504	bem1	P29366	Phox homology	IPR001683	13
nrp1	P32770	other	None	bem1	P29366	Phox homology	IPR001683	14
nrp1	P32770	other	None	bem1	P29366	PB1 domain	IPR000270	2
nrp1	P32770	Zinc finger, RanBP2-type	IPR001876	bud1	P13856	other	None	2
nrp1	P32770	Zinc finger, RanBP2-type	IPR001876	bud1	P13856	Small GTP-binding domain	IPR005225	10
nrp1	P32770	other	None	bud1	P13856	Small GTP-binding domain	IPR005225	8
nrp1	P32770	RNA recognition motif domain	IPR000504	bud1	P13856	Small GTP-binding domain	IPR005225	24
nrp1	P32770	other	None	bud1	P13856	other	None	6
nrp1	P32770	RNA recognition motif domain	IPR000504	bud1	P13856	other	None	5
nrp1	P32770	other	None	cdc24	P11433	other	None	11
nrp1	P32770	other	None	cdc24	P11433	PB1 domain	IPR000270	1
nrp1	P32770	RNA recognition motif domain	IPR000504	cdc24	P11433	other	None	21
nrp1	P32770	Zinc finger, RanBP2-type	IPR001876	cdc24	P11433	Calponin homology domain	IPR001715	5
nrp1	P32770	Zinc finger, RanBP2-type	IPR001876	cdc24	P11433	other	None	10
nrp1	P32770	RNA recognition motif domain	IPR000504	cdc24	P11433	Calponin homology domain	IPR001715	6
nrp1	P32770	RNA recognition motif domain	IPR000504	cdc24	P11433	Dbl homology (DH) domain	IPR000219	5
nrp1	P32770	other	None	cdc24	P11433	Pleckstrin homology domain	IPR001849	10
nrp1	P32770	other	None	cdc28	P00546	Protein kinase domain	IPR000719	9
nrp1	P32770	RNA recognition motif domain	IPR000504	cdc28	P00546	Protein kinase domain	IPR000719	24
nrp1	P32770	Zinc finger, RanBP2-type	IPR001876	cdc28	P00546	Protein kinase domain	IPR000719	27
nrp1	P32770	other	None	cla4	P48562	Protein kinase domain	IPR000719	23
nrp1	P32770	Zinc finger, RanBP2-type	IPR001876	cla4	P48562	Protein kinase domain	IPR000719	38
nrp1	P32770	RNA recognition motif domain	IPR000504	cla4	P48562	Protein kinase domain	IPR000719	28
nrp1	P32770	RNA recognition motif domain	IPR000504	cla4	P48562	other	None	31
nrp1	P32770	Zinc finger, RanBP2-type	IPR001876	cla4	P48562	other	None	2
nrp1	P32770	Zinc finger, RanBP2-type	IPR001876	cla4	P48562	CRIB domain	IPR000095	4
nrp1	P32770	other	None	cla4	P48562	other	None	24
nrp1	P32770	RNA recognition motif domain	IPR000504	cla4	P48562	Pleckstrin homology domain	IPR001849	9
nrp1	P32770	RNA recognition motif domain	IPR000504	nrp1	P32770	other	None	3
nrp1	P32770	other	None	nrp1	P32770	RNA recognition motif domain	IPR000504	3
nrp1	P32770	RNA recognition motif domain	IPR000504	nrp1	P32770	RNA recognition motif domain	IPR000504	15
nrp1	P32770	Zinc finger, RanBP2-type	IPR001876	nrp1	P32770	other	None	10
nrp1	P32770	other	None	nrp1	P32770	Zinc finger, RanBP2-type	IPR001876	9
nrp1	P32770	RNA recognition motif domain	IPR000504	nrp1	P32770	Zinc finger, RanBP2-type	IPR001876	8
nrp1	P32770	Zinc finger, RanBP2-type	IPR001876	nrp1	P32770	Zinc finger, RanBP2-type	IPR001876	40
nrp1	P32770	Zinc finger, RanBP2-type	IPR001876	nrp1	P32770	RNA recognition motif domain	IPR000504	8
nrp1	P32770	Zinc finger, RanBP2-type	IPR001876	rax1	Q08760	RGS domain	IPR016137	52
nrp1	P32770	other	None	rax1	Q08760	RGS domain	IPR016137	8
nrp1	P32770	other	None	rax1	Q08760	other	None	7
nrp1	P32770	Zinc finger, RanBP2-type	IPR001876	rax1	Q08760	other	None	1
nrp1	P32770	RNA recognition motif domain	IPR000504	rax1	Q08760	other	None	7
nrp1	P32770	RNA recognition motif domain	IPR000504	rax1	Q08760	RGS domain	IPR016137	11
nrp1	P32770	RNA recognition motif domain	IPR000504	rga2	Q06407	other	None	16
nrp1	P32770	RNA recognition motif domain	IPR000504	rga2	Q06407	Rho GTPase-activating protein domain	IPR000198	20
nrp1	P32770	Zinc finger, RanBP2-type	IPR001876	rga2	Q06407	Rho GTPase-activating protein domain	IPR000198	24
nrp1	P32770	other	None	rga2	Q06407	Rho GTPase-activating protein domain	IPR000198	5
nrp1	P32770	other	None	rga2	Q06407	other	None	24
nrp1	P32770	other	None	rga2	Q06407	Zinc finger, LIM-type	IPR001781	44
nrp1	P32770	Zinc finger, RanBP2-type	IPR001876	rga2	Q06407	other	None	6
nrp1	P32770	other	None	ste5	P32917	other	None	56
nrp1	P32770	RNA recognition motif domain	IPR000504	ste5	P32917	other	None	3
nrp1	P32770	other	None	ste5	P32917	Protein Ste5, Fus3-binding domain	IPR021106	13
nrp1	P32770	RNA recognition motif domain	IPR000504	ste5	P32917	Protein Ste5, Fus3-binding domain	IPR021106	17
nrp1	P32770	Zinc finger, RanBP2-type	IPR001876	ste5	P32917	other	None	17
nrp1	P32770	Zinc finger, RanBP2-type	IPR001876	ste5	P32917	Protein Ste5, Fus3-binding domain	IPR021106	2
rax1	Q08760	RGS domain	IPR016137	bem1	P29366	other	None	31
rax1	Q08760	RGS domain	IPR016137	bem1	P29366	SH3 domain	IPR001452	7
rax1	Q08760	RGS domain	IPR016137	bem1	P29366	Phox homology	IPR001683	10
rax1	Q08760	other	None	bem1	P29366	other	None	8
rax1	Q08760	other	None	bem1	P29366	Phox homology	IPR001683	1
rax1	Q08760	RGS domain	IPR016137	cdc24	P11433	other	None	33
rax1	Q08760	other	None	cdc24	P11433	other	None	8
rax1	Q08760	other	None	cdc24	P11433	PB1 domain	IPR000270	22
rax1	Q08760	RGS domain	IPR016137	cdc24	P11433	PB1 domain	IPR000270	1
rax1	Q08760	RGS domain	IPR016137	cdc24	P11433	Calponin homology domain	IPR001715	6
rax1	Q08760	RGS domain	IPR016137	cdc24	P11433	Dbl homology (DH) domain	IPR000219	1
rax1	Q08760	other	None	cdc24	P11433	Dbl homology (DH) domain	IPR000219	1
rax1	Q08760	other	None	rax1	Q08760	other	None	8
rax1	Q08760	RGS domain	IPR016137	rax1	Q08760	other	None	21
rax1	Q08760	RGS domain	IPR016137	rax1	Q08760	RGS domain	IPR016137	26
rax1	Q08760	other	None	rax1	Q08760	RGS domain	IPR016137	21
rax1	Q08760	other	None	rga2	Q06407	Rho GTPase-activating protein domain	IPR000198	5
rax1	Q08760	other	None	rga2	Q06407	other	None	33
rax1	Q08760	RGS domain	IPR016137	rga2	Q06407	other	None	44
rdi1	Q12434	Rho protein GDP-dissociation inhibitor	IPR000406	arp3	P47117	Actin family	IPR004000	34
rdi1	Q12434	Rho protein GDP-dissociation inhibitor	IPR000406	arp3	P47117	other	None	4
rdi1	Q12434	Rho protein GDP-dissociation inhibitor	IPR000406	axl2	P38928	other	None	13
rdi1	Q12434	Rho protein GDP-dissociation inhibitor	IPR000406	axl2	P38928	Dystroglycan-type cadherin-like	IPR006644	20
rdi1	Q12434	Rho protein GDP-dissociation inhibitor	IPR000406	bem1	P29366	other	None	34
rdi1	Q12434	Rho protein GDP-dissociation inhibitor	IPR000406	bem1	P29366	SH3 domain	IPR001452	12
rdi1	Q12434	Rho protein GDP-dissociation inhibitor	IPR000406	bem1	P29366	Phox homology	IPR001683	21
rdi1	Q12434	Rho protein GDP-dissociation inhibitor	IPR000406	bem3	P32873	other	None	42
rdi1	Q12434	Rho protein GDP-dissociation inhibitor	IPR000406	bem3	P32873	Phox homology	IPR001683	3
rdi1	Q12434	Rho protein GDP-dissociation inhibitor	IPR000406	bni1	P41832	Formin, FH3 domain	IPR010472	11
rdi1	Q12434	Rho protein GDP-dissociation inhibitor	IPR000406	bni1	P41832	Formin, FH2 domain	IPR015425	21
rdi1	Q12434	Rho protein GDP-dissociation inhibitor	IPR000406	bud1	P13856	other	None	13
rdi1	Q12434	Rho protein GDP-dissociation inhibitor	IPR000406	bud1	P13856	Small GTP-binding domain	IPR005225	8
rdi1	Q12434	Rho protein GDP-dissociation inhibitor	IPR000406	cdc24	P11433	other	None	12
rdi1	Q12434	Rho protein GDP-dissociation inhibitor	IPR000406	cdc24	P11433	Calponin homology domain	IPR001715	25
rdi1	Q12434	Rho protein GDP-dissociation inhibitor	IPR000406	cdc28	P00546	Protein kinase domain	IPR000719	30
rdi1	Q12434	Rho protein GDP-dissociation inhibitor	IPR000406	cdc42	P19073	Small GTP-binding domain	IPR005225	53
rdi1	Q12434	Rho protein GDP-dissociation inhibitor	IPR000406	cla4	P48562	Pleckstrin homology domain	IPR001849	64
rdi1	Q12434	Rho protein GDP-dissociation inhibitor	IPR000406	cla4	P48562	Protein kinase domain	IPR000719	19
rdi1	Q12434	Rho protein GDP-dissociation inhibitor	IPR000406	cla4	P48562	CRIB domain	IPR000095	4
rdi1	Q12434	Rho protein GDP-dissociation inhibitor	IPR000406	nrp1	P32770	RNA recognition motif domain	IPR000504	20
rdi1	Q12434	Rho protein GDP-dissociation inhibitor	IPR000406	nrp1	P32770	other	None	4
rdi1	Q12434	Rho protein GDP-dissociation inhibitor	IPR000406	nrp1	P32770	Zinc finger, RanBP2-type	IPR001876	10
rdi1	Q12434	Rho protein GDP-dissociation inhibitor	IPR000406	rax1	Q08760	other	None	22
rdi1	Q12434	Rho protein GDP-dissociation inhibitor	IPR000406	rax1	Q08760	RGS domain	IPR016137	64
rdi1	Q12434	Rho protein GDP-dissociation inhibitor	IPR000406	rdi1	Q12434	Rho protein GDP-dissociation inhibitor	IPR000406	56
rdi1	Q12434	Rho protein GDP-dissociation inhibitor	IPR000406	rga2	Q06407	Zinc finger, LIM-type	IPR001781	9
rdi1	Q12434	Rho protein GDP-dissociation inhibitor	IPR000406	rga2	Q06407	Rho GTPase-activating protein domain	IPR000198	21
rdi1	Q12434	Rho protein GDP-dissociation inhibitor	IPR000406	spa2	P23201	other	None	59
rdi1	Q12434	Rho protein GDP-dissociation inhibitor	IPR000406	spa2	P23201	GIT, Spa2 homology (SHD) domain	IPR013724	4
rdi1	Q12434	Rho protein GDP-dissociation inhibitor	IPR000406	ste5	P32917	other	None	30
rga2	Q06407	Rho GTPase-activating protein domain	IPR000198	bud1	P13856	Small GTP-binding domain	IPR005225	37
rga2	Q06407	Zinc finger, LIM-type	IPR001781	bud1	P13856	other	None	29
rga2	Q06407	Zinc finger, LIM-type	IPR001781	bud1	P13856	Small GTP-binding domain	IPR005225	12
rga2	Q06407	other	None	bud1	P13856	Small GTP-binding domain	IPR005225	30
rga2	Q06407	other	None	bud1	P13856	other	None	12
rga2	Q06407	other	None	rga2	Q06407	Rho GTPase-activating protein domain	IPR000198	19
rga2	Q06407	Zinc finger, LIM-type	IPR001781	rga2	Q06407	Rho GTPase-activating protein domain	IPR000198	13
rga2	Q06407	Rho GTPase-activating protein domain	IPR000198	rga2	Q06407	Rho GTPase-activating protein domain	IPR000198	35
rga2	Q06407	other	None	rga2	Q06407	other	None	54
rga2	Q06407	Rho GTPase-activating protein domain	IPR000198	rga2	Q06407	other	None	26
rga2	Q06407	Zinc finger, LIM-type	IPR001781	rga2	Q06407	other	None	22
rga2	Q06407	other	None	rga2	Q06407	Zinc finger, LIM-type	IPR001781	23
rga2	Q06407	Rho GTPase-activating protein domain	IPR000198	rga2	Q06407	Zinc finger, LIM-type	IPR001781	9
rho1	P06780	other	None	arp3	P47117	Actin family	IPR004000	8
rho1	P06780	other	None	arp3	P47117	other	None	1
rho1	P06780	Small GTP-binding domain	IPR005225	arp3	P47117	Actin family	IPR004000	31
rho1	P06780	Small GTP-binding domain	IPR005225	axl2	P38928	Dystroglycan-type cadherin-like	IPR006644	23
rho1	P06780	other	None	axl2	P38928	Dystroglycan-type cadherin-like	IPR006644	5
rho1	P06780	Small GTP-binding domain	IPR005225	bem1	P29366	other	None	30
rho1	P06780	Small GTP-binding domain	IPR005225	bem1	P29366	SH3 domain	IPR001452	26
rho1	P06780	other	None	bem1	P29366	other	None	7
rho1	P06780	other	None	bem1	P29366	Phox homology	IPR001683	6
rho1	P06780	Small GTP-binding domain	IPR005225	bem1	P29366	Phox homology	IPR001683	5
rho1	P06780	Small GTP-binding domain	IPR005225	bem3	P32873	Rho GTPase-activating protein domain	IPR000198	34
rho1	P06780	Small GTP-binding domain	IPR005225	bem3	P32873	Pleckstrin homology domain	IPR001849	13
rho1	P06780	Small GTP-binding domain	IPR005225	bem3	P32873	other	None	5
rho1	P06780	Small GTP-binding domain	IPR005225	bni1	P41832	Formin, GTPase-binding domain	IPR010473	50
rho1	P06780	Small GTP-binding domain	IPR005225	bni1	P41832	Formin, FH3 domain	IPR010472	7
rho1	P06780	Small GTP-binding domain	IPR005225	bni1	P41832	Formin, FH2 domain	IPR015425	7
rho1	P06780	other	None	bni1	P41832	Formin, FH2 domain	IPR015425	4
rho1	P06780	Small GTP-binding domain	IPR005225	bud1	P13856	Small GTP-binding domain	IPR005225	19
rho1	P06780	Small GTP-binding domain	IPR005225	cdc24	P11433	other	None	14
rho1	P06780	Small GTP-binding domain	IPR005225	cdc24	P11433	Dbl homology (DH) domain	IPR000219	52
rho1	P06780	Small GTP-binding domain	IPR005225	cdc24	P11433	Pleckstrin homology domain	IPR001849	8
rho1	P06780	other	None	cdc24	P11433	other	None	1
rho1	P06780	Small GTP-binding domain	IPR005225	cdc28	P00546	Protein kinase domain	IPR000719	30
rho1	P06780	Small GTP-binding domain	IPR005225	cdc28	P00546	other	None	3
rho1	P06780	Small GTP-binding domain	IPR005225	cdc42	P19073	Small GTP-binding domain	IPR005225	9
rho1	P06780	Small GTP-binding domain	IPR005225	cdc42	P19073	other	None	14
rho1	P06780	Small GTP-binding domain	IPR005225	cla4	P48562	other	None	21
rho1	P06780	Small GTP-binding domain	IPR005225	cla4	P48562	Protein kinase domain	IPR000719	12
rho1	P06780	other	None	cla4	P48562	Pleckstrin homology domain	IPR001849	5
rho1	P06780	Small GTP-binding domain	IPR005225	cla4	P48562	CRIB domain	IPR000095	48
rho1	P06780	other	None	cla4	P48562	other	None	2
rho1	P06780	other	None	cla4	P48562	CRIB domain	IPR000095	4
rho1	P06780	other	None	cla4	P48562	Protein kinase domain	IPR000719	16
rho1	P06780	Small GTP-binding domain	IPR005225	nrp1	P32770	other	None	11
rho1	P06780	other	None	nrp1	P32770	Zinc finger, RanBP2-type	IPR001876	6
rho1	P06780	Small GTP-binding domain	IPR005225	nrp1	P32770	Zinc finger, RanBP2-type	IPR001876	10
rho1	P06780	Small GTP-binding domain	IPR005225	nrp1	P32770	RNA recognition motif domain	IPR000504	22
rho1	P06780	Small GTP-binding domain	IPR005225	rax1	Q08760	RGS domain	IPR016137	24
rho1	P06780	Small GTP-binding domain	IPR005225	rax1	Q08760	other	None	24
rho1	P06780	other	None	rax1	Q08760	RGS domain	IPR016137	2
rho1	P06780	other	None	rdi1	Q12434	Rho protein GDP-dissociation inhibitor	IPR000406	25
rho1	P06780	Small GTP-binding domain	IPR005225	rdi1	Q12434	Rho protein GDP-dissociation inhibitor	IPR000406	56
rho1	P06780	Small GTP-binding domain	IPR005225	rga2	Q06407	other	None	2
rho1	P06780	Small GTP-binding domain	IPR005225	rga2	Q06407	Rho GTPase-activating protein domain	IPR000198	40
rho1	P06780	Small GTP-binding domain	IPR005225	rga2	Q06407	Zinc finger, LIM-type	IPR001781	4
rho1	P06780	Small GTP-binding domain	IPR005225	rho1	P06780	Small GTP-binding domain	IPR005225	31
rho1	P06780	Small GTP-binding domain	IPR005225	spa2	P23201	ARF GTPase-activating protein GIT1, C-terminal	IPR022018	32
rho1	P06780	Small GTP-binding domain	IPR005225	spa2	P23201	other	None	32
rho1	P06780	Small GTP-binding domain	IPR005225	ste5	P32917	other	None	11
spa2	P23201	other	None	axl2	P38928	other	None	171
spa2	P23201	other	None	axl2	P38928	Dystroglycan-type cadherin-like	IPR006644	89
spa2	P23201	ARF GTPase-activating protein GIT1, C-terminal	IPR022018	axl2	P38928	other	None	80
spa2	P23201	ARF GTPase-activating protein GIT1, C-terminal	IPR022018	axl2	P38928	Dystroglycan-type cadherin-like	IPR006644	5
spa2	P23201	GIT, Spa2 homology (SHD) domain	IPR013724	axl2	P38928	other	None	4
spa2	P23201	GIT, Spa2 homology (SHD) domain	IPR013724	axl2	P38928	Dystroglycan-type cadherin-like	IPR006644	1
spa2	P23201	other	None	bem1	P29366	other	None	103
spa2	P23201	GIT, Spa2 homology (SHD) domain	IPR013724	bem1	P29366	other	None	11
spa2	P23201	ARF GTPase-activating protein GIT1, C-terminal	IPR022018	bem1	P29366	other	None	13
spa2	P23201	other	None	bem1	P29366	SH3 domain	IPR001452	80
spa2	P23201	ARF GTPase-activating protein GIT1, C-terminal	IPR022018	bem1	P29366	SH3 domain	IPR001452	1
spa2	P23201	other	None	bem1	P29366	Phox homology	IPR001683	61
spa2	P23201	other	None	bem1	P29366	PB1 domain	IPR000270	39
spa2	P23201	GIT, Spa2 homology (SHD) domain	IPR013724	bem3	P32873	other	None	73
spa2	P23201	other	None	bem3	P32873	other	None	257
spa2	P23201	GIT, Spa2 homology (SHD) domain	IPR013724	bem3	P32873	Rho GTPase-activating protein domain	IPR000198	13
spa2	P23201	other	None	bem3	P32873	Rho GTPase-activating protein domain	IPR000198	64
spa2	P23201	GIT, Spa2 homology (SHD) domain	IPR013724	bem3	P32873	Pleckstrin homology domain	IPR001849	2
spa2	P23201	other	None	bem3	P32873	Pleckstrin homology domain	IPR001849	53
spa2	P23201	other	None	bem3	P32873	Phox homology	IPR001683	14
spa2	P23201	ARF GTPase-activating protein GIT1, C-terminal	IPR022018	bem3	P32873	Phox homology	IPR001683	11
spa2	P23201	ARF GTPase-activating protein GIT1, C-terminal	IPR022018	bem3	P32873	other	None	54
spa2	P23201	GIT, Spa2 homology (SHD) domain	IPR013724	bni1	P41832	other	None	47
spa2	P23201	other	None	bni1	P41832	other	None	178
spa2	P23201	other	None	bni1	P41832	Formin, FH3 domain	IPR010472	28
spa2	P23201	other	None	bni1	P41832	Formin, FH2 domain	IPR015425	32
spa2	P23201	GIT, Spa2 homology (SHD) domain	IPR013724	bni1	P41832	Formin, FH2 domain	IPR015425	3
spa2	P23201	ARF GTPase-activating protein GIT1, C-terminal	IPR022018	bni1	P41832	other	None	125
spa2	P23201	ARF GTPase-activating protein GIT1, C-terminal	IPR022018	bni1	P41832	Formin, FH2 domain	IPR015425	4
spa2	P23201	other	None	bud1	P13856	other	None	14
spa2	P23201	other	None	bud1	P13856	Small GTP-binding domain	IPR005225	43
spa2	P23201	ARF GTPase-activating protein GIT1, C-terminal	IPR022018	bud1	P13856	Small GTP-binding domain	IPR005225	20
spa2	P23201	GIT, Spa2 homology (SHD) domain	IPR013724	bud1	P13856	Small GTP-binding domain	IPR005225	6
spa2	P23201	other	None	cdc24	P11433	Calponin homology domain	IPR001715	43
spa2	P23201	other	None	cdc24	P11433	other	None	35
spa2	P23201	ARF GTPase-activating protein GIT1, C-terminal	IPR022018	cdc24	P11433	other	None	44
spa2	P23201	ARF GTPase-activating protein GIT1, C-terminal	IPR022018	cdc24	P11433	Calponin homology domain	IPR001715	3
spa2	P23201	GIT, Spa2 homology (SHD) domain	IPR013724	cdc24	P11433	other	None	13
spa2	P23201	GIT, Spa2 homology (SHD) domain	IPR013724	cdc24	P11433	PB1 domain	IPR000270	17
spa2	P23201	other	None	cdc24	P11433	PB1 domain	IPR000270	19
spa2	P23201	other	None	cdc28	P00546	Protein kinase domain	IPR000719	38
spa2	P23201	GIT, Spa2 homology (SHD) domain	IPR013724	cdc28	P00546	Protein kinase domain	IPR000719	9
spa2	P23201	other	None	cla4	P48562	Pleckstrin homology domain	IPR001849	60
spa2	P23201	other	None	cla4	P48562	other	None	231
spa2	P23201	GIT, Spa2 homology (SHD) domain	IPR013724	cla4	P48562	Pleckstrin homology domain	IPR001849	10
spa2	P23201	ARF GTPase-activating protein GIT1, C-terminal	IPR022018	cla4	P48562	other	None	24
spa2	P23201	GIT, Spa2 homology (SHD) domain	IPR013724	cla4	P48562	other	None	13
spa2	P23201	ARF GTPase-activating protein GIT1, C-terminal	IPR022018	cla4	P48562	CRIB domain	IPR000095	4
spa2	P23201	ARF GTPase-activating protein GIT1, C-terminal	IPR022018	cla4	P48562	Pleckstrin homology domain	IPR001849	1
spa2	P23201	other	None	cla4	P48562	CRIB domain	IPR000095	6
spa2	P23201	other	None	cla4	P48562	Protein kinase domain	IPR000719	20
spa2	P23201	ARF GTPase-activating protein GIT1, C-terminal	IPR022018	cla4	P48562	Protein kinase domain	IPR000719	17
spa2	P23201	ARF GTPase-activating protein GIT1, C-terminal	IPR022018	nrp1	P32770	other	None	8
spa2	P23201	ARF GTPase-activating protein GIT1, C-terminal	IPR022018	nrp1	P32770	RNA recognition motif domain	IPR000504	16
spa2	P23201	other	None	nrp1	P32770	RNA recognition motif domain	IPR000504	26
spa2	P23201	ARF GTPase-activating protein GIT1, C-terminal	IPR022018	nrp1	P32770	Zinc finger, RanBP2-type	IPR001876	3
spa2	P23201	other	None	nrp1	P32770	Zinc finger, RanBP2-type	IPR001876	48
spa2	P23201	other	None	nrp1	P32770	other	None	127
spa2	P23201	GIT, Spa2 homology (SHD) domain	IPR013724	nrp1	P32770	Zinc finger, RanBP2-type	IPR001876	3
spa2	P23201	GIT, Spa2 homology (SHD) domain	IPR013724	nrp1	P32770	other	None	34
spa2	P23201	other	None	rax1	Q08760	other	None	140
spa2	P23201	other	None	rax1	Q08760	RGS domain	IPR016137	154
spa2	P23201	ARF GTPase-activating protein GIT1, C-terminal	IPR022018	rax1	Q08760	RGS domain	IPR016137	13
spa2	P23201	other	None	rga2	Q06407	other	None	163
spa2	P23201	other	None	rga2	Q06407	Rho GTPase-activating protein domain	IPR000198	29
spa2	P23201	GIT, Spa2 homology (SHD) domain	IPR013724	rga2	Q06407	other	None	66
spa2	P23201	GIT, Spa2 homology (SHD) domain	IPR013724	rga2	Q06407	Rho GTPase-activating protein domain	IPR000198	4
spa2	P23201	ARF GTPase-activating protein GIT1, C-terminal	IPR022018	rga2	Q06407	other	None	41
spa2	P23201	other	None	rga2	Q06407	Zinc finger, LIM-type	IPR001781	116
spa2	P23201	GIT, Spa2 homology (SHD) domain	IPR013724	spa2	P23201	other	None	51
spa2	P23201	other	None	spa2	P23201	other	None	244
spa2	P23201	other	None	spa2	P23201	GIT, Spa2 homology (SHD) domain	IPR013724	48
spa2	P23201	GIT, Spa2 homology (SHD) domain	IPR013724	spa2	P23201	GIT, Spa2 homology (SHD) domain	IPR013724	38
spa2	P23201	other	None	ste5	P32917	other	None	167
spa2	P23201	ARF GTPase-activating protein GIT1, C-terminal	IPR022018	ste5	P32917	other	None	106
spa2	P23201	GIT, Spa2 homology (SHD) domain	IPR013724	ste5	P32917	other	None	30
spa2	P23201	other	None	ste5	P32917	Protein Ste5, Fus3-binding domain	IPR021106	60
spa2	P23201	GIT, Spa2 homology (SHD) domain	IPR013724	ste5	P32917	Protein Ste5, Fus3-binding domain	IPR021106	9
spa2	P23201	ARF GTPase-activating protein GIT1, C-terminal	IPR022018	ste5	P32917	Protein Ste5, Fus3-binding domain	IPR021106	10
spa2	P23201	ARF GTPase-activating protein GIT1, C-terminal	IPR022018	ste5	P32917	Scaffold protein Ste5, Fus3-binding domain	IPR021651	4
ste5	P32917	Protein Ste5, Fus3-binding domain	IPR021106	axl2	P38928	Dystroglycan-type cadherin-like	IPR006644	17
ste5	P32917	other	None	axl2	P38928	Dystroglycan-type cadherin-like	IPR006644	28
ste5	P32917	Protein Ste5, Fus3-binding domain	IPR021106	axl2	P38928	other	None	9
ste5	P32917	other	None	axl2	P38928	other	None	2
ste5	P32917	other	None	bud1	P13856	other	None	6
ste5	P32917	other	None	bud1	P13856	Small GTP-binding domain	IPR005225	38
ste5	P32917	other	None	rax1	Q08760	RGS domain	IPR016137	58
ste5	P32917	other	None	rax1	Q08760	other	None	5
ste5	P32917	Protein Ste5, Fus3-binding domain	IPR021106	rax1	Q08760	RGS domain	IPR016137	15
ste5	P32917	Protein Ste5, Fus3-binding domain	IPR021106	rax1	Q08760	other	None	10
ste5	P32917	other	None	rga2	Q06407	other	None	276
ste5	P32917	Protein Ste5, Fus3-binding domain	IPR021106	rga2	Q06407	other	None	25
ste5	P32917	other	None	rga2	Q06407	Rho GTPase-activating protein domain	IPR000198	22
ste5	P32917	other	None	rga2	Q06407	Zinc finger, LIM-type	IPR001781	84
ste5	P32917	Protein Ste5, Fus3-binding domain	IPR021106	rga2	Q06407	Zinc finger, LIM-type	IPR001781	3
ste5	P32917	Scaffold protein Ste5, Fus3-binding domain	IPR021651	rga2	Q06407	Zinc finger, LIM-type	IPR001781	8
ste5	P32917	Scaffold protein Ste5, Fus3-binding domain	IPR021651	rga2	Q06407	other	None	7
ste5	P32917	other	None	ste5	P32917	Protein Ste5, Fus3-binding domain	IPR021106	25
ste5	P32917	other	None	ste5	P32917	other	None	4
ste5	P32917	Protein Ste5, Fus3-binding domain	IPR021106	ste5	P32917	other	None	28
ste5	P32917	Protein Ste5, Fus3-binding domain	IPR021106	ste5	P32917	Protein Ste5, Fus3-binding domain	IPR021106	2
