Protein1	Protein1_Accession	Atom1	Atom1_Number	Residue1	Residue1_Number	Domain1_Name	Domain1_Accession	Protein2	Protein2_Accession	Atom2	Atom2_Number	Residue2	Residue2_Number	Domain2_Name	Domain2_Accession
act1	P60010	O	454	GLY	63	Actin family	IPR004000	arp2	P32381	CG	5204	ASP	289	Actin family	IPR004000
act1	P60010	CG	1907	ASP	244	Actin family	IPR004000	arp2	P32381	CG1	5212	VAL	290	Actin family	IPR004000
act1	P60010	O	1898	PRO	243	Actin family	IPR004000	arp2	P32381	CB	5245	SER	294	Actin family	IPR004000
act1	P60010	CB	1906	ASP	244	Actin family	IPR004000	arp2	P32381	CB	5234	ARG	293	Actin family	IPR004000
act1	P60010	O	1905	ASP	244	Actin family	IPR004000	arp2	P32381	CZ2	5479	TRP	324	Actin family	IPR004000
act1	P60010	CB	1906	ASP	244	Actin family	IPR004000	arp2	P32381	O	5210	VAL	290	Actin family	IPR004000
act1	P60010	N	1902	ASP	244	Actin family	IPR004000	arp2	P32381	O	5210	VAL	290	Actin family	IPR004000
act1	P60010	O	1898	PRO	243	Actin family	IPR004000	arp2	P32381	OG	5246	SER	294	Actin family	IPR004000
act1	P60010	O	454	GLY	63	Actin family	IPR004000	arp2	P32381	CD1	5229	ILE	292	Actin family	IPR004000
act1	P60010	C	453	GLY	63	Actin family	IPR004000	arp2	P32381	CD1	5229	ILE	292	Actin family	IPR004000
act1	P60010	CA	452	GLY	63	Actin family	IPR004000	arp2	P32381	CD1	5229	ILE	292	Actin family	IPR004000
act1	P60010	CA	452	GLY	63	Actin family	IPR004000	arp2	P32381	CG1	5227	ILE	292	Actin family	IPR004000
act1	P60010	CG	445	ARG	62	Actin family	IPR004000	arp2	P32381	CG	5219	ASP	291	Actin family	IPR004000
act1	P60010	NE	447	ARG	62	Actin family	IPR004000	arp2	P32381	CG	5219	ASP	291	Actin family	IPR004000
act1	P60010	CZ	448	ARG	62	Actin family	IPR004000	arp2	P32381	CG	5219	ASP	291	Actin family	IPR004000
